{
    "nummer": 1,
    "startdatum": "2025-05-01",
    "enddatum": "2025-09-30",
    "module": [
        {
            "name": "Testmodul 1",
            "ects": 2,
            "pruefung": "Klausur (90 Min.)",
            "status": "✓ 1.7"
        },
        {
            "name": "Testmodul 2",
            "ects": 6,
            "pruefung": "Hausarbeit",
            "status": "✓ 2.3"
        },
        {
            "name": "mulm",
            "ects": 2,
            "pruefung": "zl5",
            "status": "✓ 1.5"
        },
        {
            "name": "342678",
            "ects": 5,
            "pruefung": "2356437548659706",
            "status": "In Arbeit"
        }
    ]
}