{
    "nummer": "1",
    "startdatum": "2025-01-01",
    "enddatum": "2025-06-30",
    "module": [
        {
            "name": "Einführung in das wissenschaftliche Arbeiten für IT und Technik",
            "ects": 5,
            "pruefung": "Advanced Workbook (6 Wochen)",
            "status": "✓ 2.0"
        },
        {
            "name": "Medizin für Nichtmediziner:innen I",
            "ects": 5,
            "pruefung": "Klausur (90min)",
            "status": "✓ 3.3"
        },
        {
            "name": "Einführung in die Programmierung mit Python",
            "ects": 5,
            "pruefung": "Klausur (90min)",
            "status": "✓ 2.0"
        },
        {
            "name": "E-Health",
            "ects": 5,
            "pruefung": "Klausur (90min)",
            "status": "✓ 2.0"
        },
        {
            "name": "Projekt: Objektorientierte und funktionale Programmierung mit Python",
            "ects": 5,
            "pruefung": "Portfolio (4 Aufgaben)",
            "status": "In Arbeit"
        }
    ]
}